Sat Apr 09 18:41:30 +0800 2022,6490657710,雾起橘意,周末愉快老婆羞嗒嗒
Sat Apr 09 18:37:06 +0800 2022,5910237625,honey孽孽,美女贴贴
Sat Apr 09 18:42:20 +0800 2022,6560266579,peiwen_0618,老婆好
Sat Apr 09 18:44:32 +0800 2022,6722727460,蓝桉白荥,有你的周末加倍快乐哇
Sat Apr 09 18:40:48 +0800 2022,2604060227,mmcibyd-1,漂亮宝贝
Sat Apr 09 18:36:11 +0800 2022,5215330235,yeahhhhha-,不行我要多表白几次哇我现在心脏噗通噗通的哇鞠婧祎你看得到吗哇鞠婧祎你看得到吗哇鞠婧祎你看得到吗哇
Sat Apr 09 18:41:06 +0800 2022,7333792699,扛着二源就跑,吖宝你又增加了我手机内存的负担打
Sat Apr 09 18:42:21 +0800 2022,7491198628,-刊橘寄语-,宝贝贴贴鲜花
Sat Apr 09 18:45:35 +0800 2022,7224620379,掳走哈哈,老婆好美开学季开学季
Sat Apr 09 18:45:02 +0800 2022,7715435650,鞠婉兔,美
Sat Apr 09 18:45:05 +0800 2022,7439167080,hsyaijjy520,花开富贵
Sat Apr 09 18:44:15 +0800 2022,7689933791,Xinnnnnnno,啊啊啊老婆好美
Sat Apr 09 18:46:53 +0800 2022,5424532060,婧然捡到祎只鞠,周末愉快啊宝贝心心打
Sat Apr 09 18:36:22 +0800 2022,7237664032,Lneverleft_kiku·,老婆老婆
Sat Apr 09 18:47:30 +0800 2022,2143541403,饼饼o_,老婆悲伤
Sat Apr 09 18:46:38 +0800 2022,7346168786,李·斯坦尼夫斯菈基·蕊,打打打
Sat Apr 09 18:36:42 +0800 2022,7479101376,夏日气泡水加载中k,
Sat Apr 09 18:48:09 +0800 2022,6700420972,Lemonrange,嘿嘿老婆
Sat Apr 09 18:36:41 +0800 2022,3978341605,·伴橘日记·,老婆到底对我下了什么药竟然每天二十四小时一千四百四十分钟八万六千四百秒都是在想你泪
Sat Apr 09 18:36:49 +0800 2022,1730447432,Snowboard_KVK,鞠婧祎难为你费心了是发微博给我一个人看的还是别的妹妹都有一进来就被妹妹们淹没了早知她们在我就不来了今儿个她们来明儿个我来不至于太热闹也不至于太冷清我巴巴地赶来倒是我的不是了明儿你再想要我来可不能了
Sat Apr 09 18:48:44 +0800 2022,6621062289,鞠婧褘的橘子酱,周末好呀
Sat Apr 09 18:36:19 +0800 2022,7614196676,言叶枝,周末好呀宝贝哇
Sat Apr 09 18:36:43 +0800 2022,6719822313,繁华落尽HX,姐妹们冷静你看鞠婧祎一百遍她依旧不是你的你看书一百遍知识就是你的了吾辈应当勤勉持书仗剑耀中华姐妹们都给我看书去鞠婧祎我一个人看
Sat Apr 09 18:47:30 +0800 2022,7509990338,初夏也烦恼_,贴贴心
Sat Apr 09 18:50:35 +0800 2022,7647387774,AB_江觅妤,鞠宝贝周末好
Sat Apr 09 18:36:14 +0800 2022,6327872369,再也不哈了嗯,啊啊啊啊啊啊啊老婆老婆
Sat Apr 09 18:53:41 +0800 2022,7649086880,小鞠的死士,不知道橘子们有没有发现这位女士上次发博时手上也是带的这两根手链嘻嘻
Sat Apr 09 18:54:49 +0800 2022,7458588188,小皖爱祎祎,双倍快乐
Sat Apr 09 18:36:39 +0800 2022,7510283692,香菜味养乐多,你就像而我正如我只不过是你的一个选择而你却是我唯一的方程解送花花
Sat Apr 09 19:00:51 +0800 2022,5979343753,橘味小涵,老婆周末好么么么
Sat Apr 09 19:02:47 +0800 2022,7228519085,小田爱吃玉米-TIAN,老婆贴贴
Sat Apr 09 18:36:34 +0800 2022,6030995898,-小也降临-,黄桃罐头保质期是个月可乐要在打开后小时喝掉吻痕大概一周就能消失两个人在一起三个月才算过了磨合期似乎一切都有期限这样多无趣我还是喜欢一切没有规律可循的事情比方说我躺在树上看星空鞠婧祎突然就掉下来砸在我怀里开学季开学季
Sat Apr 09 19:03:03 +0800 2022,7419706552,是小鞠姐姐的乐,老婆
Sat Apr 09 18:36:19 +0800 2022,7501220838,-东南特困生w,老婆你是我的神
Sat Apr 09 19:03:26 +0800 2022,7034471666,Kaci_橘,宝贝你又来了心
Sat Apr 09 19:07:45 +0800 2022,7413856680,白婧KU,宝
Sat Apr 09 19:20:11 +0800 2022,5243253059,秃瓜不秃,周末好亲亲
Sat Apr 09 19:34:14 +0800 2022,5881117609,樱花橘子酱la,老婆周末好啊羞嗒嗒
Sat Apr 09 19:25:22 +0800 2022,7502009202,动听的初夏·,宝好想你啊
Sat Apr 09 19:37:12 +0800 2022,7486640972,·楠椿车站·,鞠婧祎你怎么可以这么好看好喜欢羞嗒嗒
Sat Apr 09 19:37:25 +0800 2022,7556484602,·甜雾浔祎k·,宝宝宝宝虎爪比心
Sat Apr 09 19:32:58 +0800 2022,3086688937,棠亭祎岫,周末愉快啊老婆
Sat Apr 09 18:36:41 +0800 2022,6353783775,kiku浅祎,宝贝周末好呀哇
Sat Apr 09 19:45:47 +0800 2022,5516216361,婧E婧,我的天周末好老婆贴贴亲亲
Sat Apr 09 18:36:18 +0800 2022,3040608247,不失眠频道,周末好老婆
Sat Apr 09 19:38:03 +0800 2022,7335563582,青橘云海,靓女好久不见
Sat Apr 09 19:58:55 +0800 2022,7329549347,祎心奕祎,宝贝好美
Sat Apr 09 20:16:43 +0800 2022,7594954797,爱鞠婧祎的沐沐,周末快乐鞠老婆
Sat Apr 09 18:36:50 +0800 2022,5847895842,羚羊戴着铃铛,在看完您的微博后我不敢轻易回复我担心我庸俗不堪的语言会玷污了这世间少有的美感但我还是回复了觉得如果不能在如此精彩的微博后面留下自己的伏笔那将会成为我一生的遗憾请原谅我的自私无论用多么华丽的言语修饰都已无法形容这微博的美感宝贝你可真好看
Sat Apr 09 20:01:58 +0800 2022,7626735486,若遇Apricity,宝贴贴心
Sat Apr 09 18:36:21 +0800 2022,7183931454,西柚味奶橘,老婆哇哇哇
Sat Apr 09 19:35:45 +0800 2022,2381790091,晓太阳呀,老婆贴贴
Sat Apr 09 18:36:45 +0800 2022,7335330503,花舞派对宴,听说你发微博了我跑了两公里找我隔壁村二叔借了智能手机委屈蹬我二婶破车子蹬了三天三夜进城连上终于赶上给你评论打鞠婧祎鞠婧祎
Sat Apr 09 20:12:10 +0800 2022,6240964634,十七个桃,老婆送花花送花花
Sat Apr 09 20:51:35 +0800 2022,6479143020,鞠婠汀jwt,鞠婧祎从来不是玻璃心她的心智比你们想的还要强
Sat Apr 09 20:30:25 +0800 2022,7430957023,近级予星河,老婆美死了
Sat Apr 09 20:49:52 +0800 2022,7348117350,晚风私藏爱祎,小鞠周末好呀哇哇哇
Sat Apr 09 20:58:32 +0800 2022,7605782427,初雾迷婧,啊啊啊啊老婆和花好配喔
Sat Apr 09 18:36:50 +0800 2022,7275296015,·笑笑不讲废话·,听我说谢谢你因为有你温暖四了季谢谢你感谢有你世界更美丽谢谢你因有为你爱常在心底谢谢你感有谢你把幸传福递鞠婧祎鞠婧祎
Sat Apr 09 18:36:11 +0800 2022,6589889983,耀什么芝士蛋糕·,老婆抓狂抓狂
